title,permalink,body,published_at,filter,categories,tags,jenis,brand,description,image,image1,image2,image3,image4,image5,product,price,hargadropship,minimalprice,sku,kondisi
Jual Sepatu Boot Bayi Laki-Laki - CAM 419 Murah,cam-419,"
     <div class=""product-details""><!--product-details-->
      <div class=""col-sm-5"">
       <div class=""view-product"">
        <img src=""{{ page.image }}"" alt=""{{ page.product }}"" title=""{{ page.product }}"" />
        <h3><a style=""text-decoration: none; color: #ffffff"" href=""{{ page.image }}"" target=""_blank"" title=""Klik disini untuk memperbesar"">ZOOM</a></h3>
       </div>
      </div>

      <div class=""col-sm-7"">
       <div class=""product-information""><!--/product-information-->
        <h1>{{ page.product }}</h1>
        <p>SKU: {{ page.sku }}</p>
        <img src=""{{ site.url }}/img/rating.png"" alt=""rating"" title=""rating"" /><br>
        <span>
         <span>{{ page.price }}</span>        
         <label>Beli:<a href=""{{ site.url }}/beli"" target=""_blank"" title=""Beli Sekarang"">
           <script type=""text/javascript"">
   <!--
   document.write(unescape('%3c%62%75%74%74%6f%6e%20%74%79%70%65%3d%22%62%75%74%74%6f%6e%22%20%63%6c%61%73%73%3d%22%62%74%6e%20%62%74%6e%2d%66%65%66%61%75%6c%74%20%63%61%72%74%22%3e%0d%0a%09%3c%69%20%63%6c%61%73%73%3d%22%66%61%20%66%61%2d%73%68%6f%70%70%69%6e%67%2d%63%61%72%74%22%3e%3c%2f%69%3e%0d%0a%09%42%65%6c%69%20%53%65%6b%61%72%61%6e%67%0d%0a%3c%2f%62%75%74%74%6f%6e%3e'));
   //-->
   </script>
          </a>
         </label>
        </span>
        {% include dropship-login.html %} 
        <p><b>Kondisi:</b> {{ page.kondisi }}</p>
        <p><b>Deskripsi:</b> {{ page.description }}</p>
        {% include shareit.html %}
       </div><!--/product-information-->
      </div>
     </div><!--/product-details-->
     
     <div class=""category-tab shop-details-tab""><!--category-tab-->
      <div class=""col-sm-12"">
       <ul class=""nav nav-tabs"">
        <li class=""active""><a href=""{{ site.url }}{{ page.url }}#keterangan"" data-toggle=""tab"" title=""Keterangan"">Keterangan</a></li>        
       </ul>
      </div>
      <div class=""tab-content"">
       <div class=""tab-pane fade active in"" id=""keterangan"" >
        <div class=""col-sm-12"">
         <h2>{{ page.product }}</h2>         
         <ol class=""breadcrumb"">
            <li class=""active"">Tag :</li>
            <li><a href=""{{ site.url }}/{{ page.jenis }}"" title=""{{ page.jenis }}"">{{ page.jenis }}</a></li>
            <li><a href=""{{ site.url }}/{{ page.brand }}"" title=""{{ page.brand }}"">{{ page.brand }}</a></li>  
         </ol>         
         <p>Sepatu Boot Bayi Laki-Laki - CAM 419 adalah salah satu produk merek Catenzo Junior. Produk fashion handmade asal Bandung yang nyaman digunakan dan tidak pasaran. Cocok untuk anak Anda agar terlihat lebih gaya, tampil berbeda dan percaya diri. <br/>Kode : CAM 419<br/>Warna : CREAM<br/>Bahan : SINTETIS<br/>Ukuran : 21 ~ 26<br/>Berat : 650 gram<br/>Info Lainnya = SOL : TPR<br/>Yuk dibeli kak sebelum kehabisan. Sebelum membeli, harap cek/konfirmasi stok dulu ya kak, karena perputaran barang sangat cepat.<br>
         </p>

         <p><b>Gambar lain :</b></p>
                    <div class=""add-image"">
                      <a href=""{{ page.image1 }}"" target=""_blank"" title=""{{ page.product }}""><img src=""{{ page.image1 }}"" onerror=""this.src='{{ site.url }}/img/not-found.png'"" alt="""" title=""Klik untuk memperbesar"" /></a>
                      <a href=""{{ page.image2 }}"" target=""_blank"" title=""{{ page.product }}""><img src=""{{ page.image2 }}"" onerror=""this.src='{{ site.url }}/img/not-found.png'"" alt="""" title=""Klik untuk memperbesar"" /></a>
                      <a href=""{{ page.image3 }}"" target=""_blank"" title=""{{ page.product }}""><img src=""{{ page.image3 }}"" onerror=""this.src='{{ site.url }}/img/not-found.png'"" alt="""" title=""Klik untuk memperbesar"" /></a>
                      <a href=""{{ page.image4 }}"" target=""_blank"" title=""{{ page.product }}""><img src=""{{ page.image4 }}"" onerror=""this.src='{{ site.url }}/img/not-found.png'"" alt="""" title=""Klik untuk memperbesar"" /></a>
                      <a href=""{{ page.image5 }}"" target=""_blank"" title=""{{ page.product }}""><img src=""{{ page.image5 }}"" onerror=""this.src='{{ site.url }}/img/not-found.png'"" alt="""" title=""Klik untuk memperbesar"" /></a>                                            
                    </div>
                    <br/>

         <p style=""background-color: #5cb85c; color: #ffffff; padding: 5px; text-align: justify; display: inline-block; box-shadow: 0 1px 3px rgba(0,0,0,0.12), 0 1px 2px rgba(0,0,0,0.24);"">
         Gudang : WRH-1<br>
         Lokasi : Bandung</p>

         {% include disqus.html %}
         
        </div>
       </div>       
       
      </div>
     </div><!--/category-tab-->",2019-01-18,html,sepatu-anak-balita-laki-laki,catenzo-junior,sepatu-anak-balita-laki-laki,catenzo-junior,"Sepatu Anak Balita Laki-Laki Bahan SINTETIS, Warna CREAM, Size 21 ~ 26",https://images.lipatan.com/katalog-catenzo-junior-2019/foto-produk-satuan/cam-419.jpg,https://images.lipatan.com/foto-berbagai-sudut/catenzo-junior/cam-419-a.jpg,https://images.lipatan.com/foto-berbagai-sudut/catenzo-junior/cam-419-b.jpg,https://images.lipatan.com/foto-berbagai-sudut/catenzo-junior/cam-419-c.jpg,https://images.lipatan.com/foto-berbagai-sudut/catenzo-junior/cam-419-d.jpg,https://images.lipatan.com/foto-berbagai-sudut/catenzo-junior/cam-419-e.jpg,Sepatu Boot Bayi Laki-Laki - CAM 419,Rp 118.900,Rp 96.900,Rp 106.900,CAM 419,Baru
Jual Sepatu Casual Bayi Laki-Laki - CTS 312 Murah,cts-312,"
     <div class=""product-details""><!--product-details-->
      <div class=""col-sm-5"">
       <div class=""view-product"">
        <img src=""{{ page.image }}"" alt=""{{ page.product }}"" title=""{{ page.product }}"" />
        <h3><a style=""text-decoration: none; color: #ffffff"" href=""{{ page.image }}"" target=""_blank"" title=""Klik disini untuk memperbesar"">ZOOM</a></h3>
       </div>
      </div>

      <div class=""col-sm-7"">
       <div class=""product-information""><!--/product-information-->
        <h1>{{ page.product }}</h1>
        <p>SKU: {{ page.sku }}</p>
        <img src=""{{ site.url }}/img/rating.png"" alt=""rating"" title=""rating"" /><br>
        <span>
         <span>{{ page.price }}</span>        
         <label>Beli:<a href=""{{ site.url }}/beli"" target=""_blank"" title=""Beli Sekarang"">
           <script type=""text/javascript"">
   <!--
   document.write(unescape('%3c%62%75%74%74%6f%6e%20%74%79%70%65%3d%22%62%75%74%74%6f%6e%22%20%63%6c%61%73%73%3d%22%62%74%6e%20%62%74%6e%2d%66%65%66%61%75%6c%74%20%63%61%72%74%22%3e%0d%0a%09%3c%69%20%63%6c%61%73%73%3d%22%66%61%20%66%61%2d%73%68%6f%70%70%69%6e%67%2d%63%61%72%74%22%3e%3c%2f%69%3e%0d%0a%09%42%65%6c%69%20%53%65%6b%61%72%61%6e%67%0d%0a%3c%2f%62%75%74%74%6f%6e%3e'));
   //-->
   </script>
          </a>
         </label>
        </span>
        {% include dropship-login.html %} 
        <p><b>Kondisi:</b> {{ page.kondisi }}</p>
        <p><b>Deskripsi:</b> {{ page.description }}</p>
        {% include shareit.html %}
       </div><!--/product-information-->
      </div>
     </div><!--/product-details-->
     
     <div class=""category-tab shop-details-tab""><!--category-tab-->
      <div class=""col-sm-12"">
       <ul class=""nav nav-tabs"">
        <li class=""active""><a href=""{{ site.url }}{{ page.url }}#keterangan"" data-toggle=""tab"" title=""Keterangan"">Keterangan</a></li>        
       </ul>
      </div>
      <div class=""tab-content"">
       <div class=""tab-pane fade active in"" id=""keterangan"" >
        <div class=""col-sm-12"">
         <h2>{{ page.product }}</h2>         
         <ol class=""breadcrumb"">
            <li class=""active"">Tag :</li>
            <li><a href=""{{ site.url }}/{{ page.jenis }}"" title=""{{ page.jenis }}"">{{ page.jenis }}</a></li>
            <li><a href=""{{ site.url }}/{{ page.brand }}"" title=""{{ page.brand }}"">{{ page.brand }}</a></li>  
         </ol>         
         <p>Sepatu Casual Bayi Laki-Laki - CTS 312 adalah salah satu produk merek Catenzo Junior. Produk fashion handmade asal Bandung yang nyaman digunakan dan tidak pasaran. Cocok untuk anak Anda agar terlihat lebih gaya, tampil berbeda dan percaya diri. <br/>Kode : CTS 312<br/>Warna : COKLAT<br/>Bahan : SINTETIS<br/>Ukuran : 22 ~ 26<br/>Berat : 500 gram<br/>Info Lainnya = SOL : TPR<br/>Yuk dibeli kak sebelum kehabisan. Sebelum membeli, harap cek/konfirmasi stok dulu ya kak, karena perputaran barang sangat cepat.<br>
         </p>

         <p><b>Gambar lain :</b></p>
                    <div class=""add-image"">
                      <a href=""{{ page.image1 }}"" target=""_blank"" title=""{{ page.product }}""><img src=""{{ page.image1 }}"" onerror=""this.src='{{ site.url }}/img/not-found.png'"" alt="""" title=""Klik untuk memperbesar"" /></a>
                      <a href=""{{ page.image2 }}"" target=""_blank"" title=""{{ page.product }}""><img src=""{{ page.image2 }}"" onerror=""this.src='{{ site.url }}/img/not-found.png'"" alt="""" title=""Klik untuk memperbesar"" /></a>
                      <a href=""{{ page.image3 }}"" target=""_blank"" title=""{{ page.product }}""><img src=""{{ page.image3 }}"" onerror=""this.src='{{ site.url }}/img/not-found.png'"" alt="""" title=""Klik untuk memperbesar"" /></a>
                      <a href=""{{ page.image4 }}"" target=""_blank"" title=""{{ page.product }}""><img src=""{{ page.image4 }}"" onerror=""this.src='{{ site.url }}/img/not-found.png'"" alt="""" title=""Klik untuk memperbesar"" /></a>
                      <a href=""{{ page.image5 }}"" target=""_blank"" title=""{{ page.product }}""><img src=""{{ page.image5 }}"" onerror=""this.src='{{ site.url }}/img/not-found.png'"" alt="""" title=""Klik untuk memperbesar"" /></a>                                            
                    </div>
                    <br/>

         <p style=""background-color: #5cb85c; color: #ffffff; padding: 5px; text-align: justify; display: inline-block; box-shadow: 0 1px 3px rgba(0,0,0,0.12), 0 1px 2px rgba(0,0,0,0.24);"">
         Gudang : WRH-1<br>
         Lokasi : Bandung</p>

         {% include disqus.html %}
         
        </div>
       </div>       
       
      </div>
     </div><!--/category-tab-->",2019-01-18,html,sepatu-anak-balita-laki-laki,catenzo-junior,sepatu-anak-balita-laki-laki,catenzo-junior,"Sepatu Anak Balita Laki-Laki Bahan SINTETIS, Warna COKLAT, Size 22 ~ 26",https://images.lipatan.com/katalog-catenzo-junior-2019/foto-produk-satuan/cts-312.jpg,https://images.lipatan.com/foto-berbagai-sudut/catenzo-junior/cts-312-a.jpg,https://images.lipatan.com/foto-berbagai-sudut/catenzo-junior/cts-312-b.jpg,https://images.lipatan.com/foto-berbagai-sudut/catenzo-junior/cts-312-c.jpg,https://images.lipatan.com/foto-berbagai-sudut/catenzo-junior/cts-312-d.jpg,https://images.lipatan.com/foto-berbagai-sudut/catenzo-junior/cts-312-e.jpg,Sepatu Casual Bayi Laki-Laki - CTS 312,Rp 124.900,Rp 100.900,Rp 111.900,CTS 312,Baru
Jual Sepatu Boot Bayi Laki-Laki - CSA 306 Murah,csa-306,"
     <div class=""product-details""><!--product-details-->
      <div class=""col-sm-5"">
       <div class=""view-product"">
        <img src=""{{ page.image }}"" alt=""{{ page.product }}"" title=""{{ page.product }}"" />
        <h3><a style=""text-decoration: none; color: #ffffff"" href=""{{ page.image }}"" target=""_blank"" title=""Klik disini untuk memperbesar"">ZOOM</a></h3>
       </div>
      </div>

      <div class=""col-sm-7"">
       <div class=""product-information""><!--/product-information-->
        <h1>{{ page.product }}</h1>
        <p>SKU: {{ page.sku }}</p>
        <img src=""{{ site.url }}/img/rating.png"" alt=""rating"" title=""rating"" /><br>
        <span>
         <span>{{ page.price }}</span>        
         <label>Beli:<a href=""{{ site.url }}/beli"" target=""_blank"" title=""Beli Sekarang"">
           <script type=""text/javascript"">
   <!--
   document.write(unescape('%3c%62%75%74%74%6f%6e%20%74%79%70%65%3d%22%62%75%74%74%6f%6e%22%20%63%6c%61%73%73%3d%22%62%74%6e%20%62%74%6e%2d%66%65%66%61%75%6c%74%20%63%61%72%74%22%3e%0d%0a%09%3c%69%20%63%6c%61%73%73%3d%22%66%61%20%66%61%2d%73%68%6f%70%70%69%6e%67%2d%63%61%72%74%22%3e%3c%2f%69%3e%0d%0a%09%42%65%6c%69%20%53%65%6b%61%72%61%6e%67%0d%0a%3c%2f%62%75%74%74%6f%6e%3e'));
   //-->
   </script>
          </a>
         </label>
        </span>
        {% include dropship-login.html %} 
        <p><b>Kondisi:</b> {{ page.kondisi }}</p>
        <p><b>Deskripsi:</b> {{ page.description }}</p>
        {% include shareit.html %}
       </div><!--/product-information-->
      </div>
     </div><!--/product-details-->
     
     <div class=""category-tab shop-details-tab""><!--category-tab-->
      <div class=""col-sm-12"">
       <ul class=""nav nav-tabs"">
        <li class=""active""><a href=""{{ site.url }}{{ page.url }}#keterangan"" data-toggle=""tab"" title=""Keterangan"">Keterangan</a></li>        
       </ul>
      </div>
      <div class=""tab-content"">
       <div class=""tab-pane fade active in"" id=""keterangan"" >
        <div class=""col-sm-12"">
         <h2>{{ page.product }}</h2>         
         <ol class=""breadcrumb"">
            <li class=""active"">Tag :</li>
            <li><a href=""{{ site.url }}/{{ page.jenis }}"" title=""{{ page.jenis }}"">{{ page.jenis }}</a></li>
            <li><a href=""{{ site.url }}/{{ page.brand }}"" title=""{{ page.brand }}"">{{ page.brand }}</a></li>  
         </ol>         
         <p>Sepatu Boot Bayi Laki-Laki - CSA 306 adalah salah satu produk merek Catenzo Junior. Produk fashion handmade asal Bandung yang nyaman digunakan dan tidak pasaran. Cocok untuk anak Anda agar terlihat lebih gaya, tampil berbeda dan percaya diri. <br/>Kode : CSA 306<br/>Warna : HITAM<br/>Bahan : SINTETIS<br/>Ukuran : 21 ~ 26<br/>Berat : 500 gram<br/>Info Lainnya = SOL : TPR<br/>Yuk dibeli kak sebelum kehabisan. Sebelum membeli, harap cek/konfirmasi stok dulu ya kak, karena perputaran barang sangat cepat.<br>
         </p>

         <p><b>Gambar lain :</b></p>
                    <div class=""add-image"">
                      <a href=""{{ page.image1 }}"" target=""_blank"" title=""{{ page.product }}""><img src=""{{ page.image1 }}"" onerror=""this.src='{{ site.url }}/img/not-found.png'"" alt="""" title=""Klik untuk memperbesar"" /></a>
                      <a href=""{{ page.image2 }}"" target=""_blank"" title=""{{ page.product }}""><img src=""{{ page.image2 }}"" onerror=""this.src='{{ site.url }}/img/not-found.png'"" alt="""" title=""Klik untuk memperbesar"" /></a>
                      <a href=""{{ page.image3 }}"" target=""_blank"" title=""{{ page.product }}""><img src=""{{ page.image3 }}"" onerror=""this.src='{{ site.url }}/img/not-found.png'"" alt="""" title=""Klik untuk memperbesar"" /></a>
                      <a href=""{{ page.image4 }}"" target=""_blank"" title=""{{ page.product }}""><img src=""{{ page.image4 }}"" onerror=""this.src='{{ site.url }}/img/not-found.png'"" alt="""" title=""Klik untuk memperbesar"" /></a>
                      <a href=""{{ page.image5 }}"" target=""_blank"" title=""{{ page.product }}""><img src=""{{ page.image5 }}"" onerror=""this.src='{{ site.url }}/img/not-found.png'"" alt="""" title=""Klik untuk memperbesar"" /></a>                                            
                    </div>
                    <br/>

         <p style=""background-color: #5cb85c; color: #ffffff; padding: 5px; text-align: justify; display: inline-block; box-shadow: 0 1px 3px rgba(0,0,0,0.12), 0 1px 2px rgba(0,0,0,0.24);"">
         Gudang : WRH-1<br>
         Lokasi : Bandung</p>

         {% include disqus.html %}
         
        </div>
       </div>       
       
      </div>
     </div><!--/category-tab-->",2019-01-18,html,sepatu-anak-balita-laki-laki,catenzo-junior,sepatu-anak-balita-laki-laki,catenzo-junior,"Sepatu Anak Balita Laki-Laki Bahan SINTETIS, Warna HITAM, Size 21 ~ 26",https://images.lipatan.com/katalog-catenzo-junior-2019/foto-produk-satuan/csa-306.jpg,https://images.lipatan.com/foto-berbagai-sudut/catenzo-junior/csa-306-a.jpg,https://images.lipatan.com/foto-berbagai-sudut/catenzo-junior/csa-306-b.jpg,https://images.lipatan.com/foto-berbagai-sudut/catenzo-junior/csa-306-c.jpg,https://images.lipatan.com/foto-berbagai-sudut/catenzo-junior/csa-306-d.jpg,https://images.lipatan.com/foto-berbagai-sudut/catenzo-junior/csa-306-e.jpg,Sepatu Boot Bayi Laki-Laki - CSA 306,Rp 118.900,Rp 96.900,Rp 106.900,CSA 306,Baru
Jual Sepatu Casual Bayi Laki-Laki - CTS 300 Murah,cts-300,"
     <div class=""product-details""><!--product-details-->
      <div class=""col-sm-5"">
       <div class=""view-product"">
        <img src=""{{ page.image }}"" alt=""{{ page.product }}"" title=""{{ page.product }}"" />
        <h3><a style=""text-decoration: none; color: #ffffff"" href=""{{ page.image }}"" target=""_blank"" title=""Klik disini untuk memperbesar"">ZOOM</a></h3>
       </div>
      </div>

      <div class=""col-sm-7"">
       <div class=""product-information""><!--/product-information-->
        <h1>{{ page.product }}</h1>
        <p>SKU: {{ page.sku }}</p>
        <img src=""{{ site.url }}/img/rating.png"" alt=""rating"" title=""rating"" /><br>
        <span>
         <span>{{ page.price }}</span>        
         <label>Beli:<a href=""{{ site.url }}/beli"" target=""_blank"" title=""Beli Sekarang"">
           <script type=""text/javascript"">
   <!--
   document.write(unescape('%3c%62%75%74%74%6f%6e%20%74%79%70%65%3d%22%62%75%74%74%6f%6e%22%20%63%6c%61%73%73%3d%22%62%74%6e%20%62%74%6e%2d%66%65%66%61%75%6c%74%20%63%61%72%74%22%3e%0d%0a%09%3c%69%20%63%6c%61%73%73%3d%22%66%61%20%66%61%2d%73%68%6f%70%70%69%6e%67%2d%63%61%72%74%22%3e%3c%2f%69%3e%0d%0a%09%42%65%6c%69%20%53%65%6b%61%72%61%6e%67%0d%0a%3c%2f%62%75%74%74%6f%6e%3e'));
   //-->
   </script>
          </a>
         </label>
        </span>
        {% include dropship-login.html %} 
        <p><b>Kondisi:</b> {{ page.kondisi }}</p>
        <p><b>Deskripsi:</b> {{ page.description }}</p>
        {% include shareit.html %}
       </div><!--/product-information-->
      </div>
     </div><!--/product-details-->
     
     <div class=""category-tab shop-details-tab""><!--category-tab-->
      <div class=""col-sm-12"">
       <ul class=""nav nav-tabs"">
        <li class=""active""><a href=""{{ site.url }}{{ page.url }}#keterangan"" data-toggle=""tab"" title=""Keterangan"">Keterangan</a></li>        
       </ul>
      </div>
      <div class=""tab-content"">
       <div class=""tab-pane fade active in"" id=""keterangan"" >
        <div class=""col-sm-12"">
         <h2>{{ page.product }}</h2>         
         <ol class=""breadcrumb"">
            <li class=""active"">Tag :</li>
            <li><a href=""{{ site.url }}/{{ page.jenis }}"" title=""{{ page.jenis }}"">{{ page.jenis }}</a></li>
            <li><a href=""{{ site.url }}/{{ page.brand }}"" title=""{{ page.brand }}"">{{ page.brand }}</a></li>  
         </ol>         
         <p>Sepatu Casual Bayi Laki-Laki - CTS 300 adalah salah satu produk merek Catenzo Junior. Produk fashion handmade asal Bandung yang nyaman digunakan dan tidak pasaran. Cocok untuk anak Anda agar terlihat lebih gaya, tampil berbeda dan percaya diri. <br/>Kode : CTS 300<br/>Warna : COKLAT<br/>Bahan : SINTETIS<br/>Ukuran : 21 ~ 26<br/>Berat : 550 gram<br/>Info Lainnya = SOL : FIBER<br/>Yuk dibeli kak sebelum kehabisan. Sebelum membeli, harap cek/konfirmasi stok dulu ya kak, karena perputaran barang sangat cepat.<br>
         </p>

         <p><b>Gambar lain :</b></p>
                    <div class=""add-image"">
                      <a href=""{{ page.image1 }}"" target=""_blank"" title=""{{ page.product }}""><img src=""{{ page.image1 }}"" onerror=""this.src='{{ site.url }}/img/not-found.png'"" alt="""" title=""Klik untuk memperbesar"" /></a>
                      <a href=""{{ page.image2 }}"" target=""_blank"" title=""{{ page.product }}""><img src=""{{ page.image2 }}"" onerror=""this.src='{{ site.url }}/img/not-found.png'"" alt="""" title=""Klik untuk memperbesar"" /></a>
                      <a href=""{{ page.image3 }}"" target=""_blank"" title=""{{ page.product }}""><img src=""{{ page.image3 }}"" onerror=""this.src='{{ site.url }}/img/not-found.png'"" alt="""" title=""Klik untuk memperbesar"" /></a>
                      <a href=""{{ page.image4 }}"" target=""_blank"" title=""{{ page.product }}""><img src=""{{ page.image4 }}"" onerror=""this.src='{{ site.url }}/img/not-found.png'"" alt="""" title=""Klik untuk memperbesar"" /></a>
                      <a href=""{{ page.image5 }}"" target=""_blank"" title=""{{ page.product }}""><img src=""{{ page.image5 }}"" onerror=""this.src='{{ site.url }}/img/not-found.png'"" alt="""" title=""Klik untuk memperbesar"" /></a>                                            
                    </div>
                    <br/>

         <p style=""background-color: #5cb85c; color: #ffffff; padding: 5px; text-align: justify; display: inline-block; box-shadow: 0 1px 3px rgba(0,0,0,0.12), 0 1px 2px rgba(0,0,0,0.24);"">
         Gudang : WRH-1<br>
         Lokasi : Bandung</p>

         {% include disqus.html %}
         
        </div>
       </div>       
       
      </div>
     </div><!--/category-tab-->",2019-01-18,html,sepatu-anak-balita-laki-laki,catenzo-junior,sepatu-anak-balita-laki-laki,catenzo-junior,"Sepatu Anak Balita Laki-Laki Bahan SINTETIS, Warna COKLAT, Size 21 ~ 26",https://images.lipatan.com/katalog-catenzo-junior-2019/foto-produk-satuan/cts-300.jpg,https://images.lipatan.com/foto-berbagai-sudut/catenzo-junior/cts-300-a.jpg,https://images.lipatan.com/foto-berbagai-sudut/catenzo-junior/cts-300-b.jpg,https://images.lipatan.com/foto-berbagai-sudut/catenzo-junior/cts-300-c.jpg,https://images.lipatan.com/foto-berbagai-sudut/catenzo-junior/cts-300-d.jpg,https://images.lipatan.com/foto-berbagai-sudut/catenzo-junior/cts-300-e.jpg,Sepatu Casual Bayi Laki-Laki - CTS 300,Rp 124.900,Rp 100.900,Rp 111.900,CTS 300,Baru
Jual Sepatu Boot Bayi Laki-Laki - CTS 308 Murah,cts-308,"
     <div class=""product-details""><!--product-details-->
      <div class=""col-sm-5"">
       <div class=""view-product"">
        <img src=""{{ page.image }}"" alt=""{{ page.product }}"" title=""{{ page.product }}"" />
        <h3><a style=""text-decoration: none; color: #ffffff"" href=""{{ page.image }}"" target=""_blank"" title=""Klik disini untuk memperbesar"">ZOOM</a></h3>
       </div>
      </div>

      <div class=""col-sm-7"">
       <div class=""product-information""><!--/product-information-->
        <h1>{{ page.product }}</h1>
        <p>SKU: {{ page.sku }}</p>
        <img src=""{{ site.url }}/img/rating.png"" alt=""rating"" title=""rating"" /><br>
        <span>
         <span>{{ page.price }}</span>        
         <label>Beli:<a href=""{{ site.url }}/beli"" target=""_blank"" title=""Beli Sekarang"">
           <script type=""text/javascript"">
   <!--
   document.write(unescape('%3c%62%75%74%74%6f%6e%20%74%79%70%65%3d%22%62%75%74%74%6f%6e%22%20%63%6c%61%73%73%3d%22%62%74%6e%20%62%74%6e%2d%66%65%66%61%75%6c%74%20%63%61%72%74%22%3e%0d%0a%09%3c%69%20%63%6c%61%73%73%3d%22%66%61%20%66%61%2d%73%68%6f%70%70%69%6e%67%2d%63%61%72%74%22%3e%3c%2f%69%3e%0d%0a%09%42%65%6c%69%20%53%65%6b%61%72%61%6e%67%0d%0a%3c%2f%62%75%74%74%6f%6e%3e'));
   //-->
   </script>
          </a>
         </label>
        </span>
        {% include dropship-login.html %} 
        <p><b>Kondisi:</b> {{ page.kondisi }}</p>
        <p><b>Deskripsi:</b> {{ page.description }}</p>
        {% include shareit.html %}
       </div><!--/product-information-->
      </div>
     </div><!--/product-details-->
     
     <div class=""category-tab shop-details-tab""><!--category-tab-->
      <div class=""col-sm-12"">
       <ul class=""nav nav-tabs"">
        <li class=""active""><a href=""{{ site.url }}{{ page.url }}#keterangan"" data-toggle=""tab"" title=""Keterangan"">Keterangan</a></li>        
       </ul>
      </div>
      <div class=""tab-content"">
       <div class=""tab-pane fade active in"" id=""keterangan"" >
        <div class=""col-sm-12"">
         <h2>{{ page.product }}</h2>         
         <ol class=""breadcrumb"">
            <li class=""active"">Tag :</li>
            <li><a href=""{{ site.url }}/{{ page.jenis }}"" title=""{{ page.jenis }}"">{{ page.jenis }}</a></li>
            <li><a href=""{{ site.url }}/{{ page.brand }}"" title=""{{ page.brand }}"">{{ page.brand }}</a></li>  
         </ol>         
         <p>Sepatu Boot Bayi Laki-Laki - CTS 308 adalah salah satu produk merek Catenzo Junior. Produk fashion handmade asal Bandung yang nyaman digunakan dan tidak pasaran. Cocok untuk anak Anda agar terlihat lebih gaya, tampil berbeda dan percaya diri. <br/>Kode : CTS 308<br/>Warna : COKLAT<br/>Bahan : SINTETIS<br/>Ukuran : 22 ~ 26<br/>Berat : 500 gram<br/>Info Lainnya = SOL : TPR<br/>Yuk dibeli kak sebelum kehabisan. Sebelum membeli, harap cek/konfirmasi stok dulu ya kak, karena perputaran barang sangat cepat.<br>
         </p>

         <p><b>Gambar lain :</b></p>
                    <div class=""add-image"">
                      <a href=""{{ page.image1 }}"" target=""_blank"" title=""{{ page.product }}""><img src=""{{ page.image1 }}"" onerror=""this.src='{{ site.url }}/img/not-found.png'"" alt="""" title=""Klik untuk memperbesar"" /></a>
                      <a href=""{{ page.image2 }}"" target=""_blank"" title=""{{ page.product }}""><img src=""{{ page.image2 }}"" onerror=""this.src='{{ site.url }}/img/not-found.png'"" alt="""" title=""Klik untuk memperbesar"" /></a>
                      <a href=""{{ page.image3 }}"" target=""_blank"" title=""{{ page.product }}""><img src=""{{ page.image3 }}"" onerror=""this.src='{{ site.url }}/img/not-found.png'"" alt="""" title=""Klik untuk memperbesar"" /></a>
                      <a href=""{{ page.image4 }}"" target=""_blank"" title=""{{ page.product }}""><img src=""{{ page.image4 }}"" onerror=""this.src='{{ site.url }}/img/not-found.png'"" alt="""" title=""Klik untuk memperbesar"" /></a>
                      <a href=""{{ page.image5 }}"" target=""_blank"" title=""{{ page.product }}""><img src=""{{ page.image5 }}"" onerror=""this.src='{{ site.url }}/img/not-found.png'"" alt="""" title=""Klik untuk memperbesar"" /></a>                                            
                    </div>
                    <br/>

         <p style=""background-color: #5cb85c; color: #ffffff; padding: 5px; text-align: justify; display: inline-block; box-shadow: 0 1px 3px rgba(0,0,0,0.12), 0 1px 2px rgba(0,0,0,0.24);"">
         Gudang : WRH-1<br>
         Lokasi : Bandung</p>

         {% include disqus.html %}
         
        </div>
       </div>       
       
      </div>
     </div><!--/category-tab-->",2019-01-18,html,sepatu-anak-balita-laki-laki,catenzo-junior,sepatu-anak-balita-laki-laki,catenzo-junior,"Sepatu Anak Balita Laki-Laki Bahan SINTETIS, Warna COKLAT, Size 22 ~ 26",https://images.lipatan.com/katalog-catenzo-junior-2019/foto-produk-satuan/cts-308.jpg,https://images.lipatan.com/foto-berbagai-sudut/catenzo-junior/cts-308-a.jpg,https://images.lipatan.com/foto-berbagai-sudut/catenzo-junior/cts-308-b.jpg,https://images.lipatan.com/foto-berbagai-sudut/catenzo-junior/cts-308-c.jpg,https://images.lipatan.com/foto-berbagai-sudut/catenzo-junior/cts-308-d.jpg,https://images.lipatan.com/foto-berbagai-sudut/catenzo-junior/cts-308-e.jpg,Sepatu Boot Bayi Laki-Laki - CTS 308,Rp 124.900,Rp 100.900,Rp 111.900,CTS 308,Baru
Jual Sepatu Casual Bayi Laki-Laki - CAP 002 Murah,cap-002,"
     <div class=""product-details""><!--product-details-->
      <div class=""col-sm-5"">
       <div class=""view-product"">
        <img src=""{{ page.image }}"" alt=""{{ page.product }}"" title=""{{ page.product }}"" />
        <h3><a style=""text-decoration: none; color: #ffffff"" href=""{{ page.image }}"" target=""_blank"" title=""Klik disini untuk memperbesar"">ZOOM</a></h3>
       </div>
      </div>

      <div class=""col-sm-7"">
       <div class=""product-information""><!--/product-information-->
        <h1>{{ page.product }}</h1>
        <p>SKU: {{ page.sku }}</p>
        <img src=""{{ site.url }}/img/rating.png"" alt=""rating"" title=""rating"" /><br>
        <span>
         <span>{{ page.price }}</span>        
         <label>Beli:<a href=""{{ site.url }}/beli"" target=""_blank"" title=""Beli Sekarang"">
           <script type=""text/javascript"">
   <!--
   document.write(unescape('%3c%62%75%74%74%6f%6e%20%74%79%70%65%3d%22%62%75%74%74%6f%6e%22%20%63%6c%61%73%73%3d%22%62%74%6e%20%62%74%6e%2d%66%65%66%61%75%6c%74%20%63%61%72%74%22%3e%0d%0a%09%3c%69%20%63%6c%61%73%73%3d%22%66%61%20%66%61%2d%73%68%6f%70%70%69%6e%67%2d%63%61%72%74%22%3e%3c%2f%69%3e%0d%0a%09%42%65%6c%69%20%53%65%6b%61%72%61%6e%67%0d%0a%3c%2f%62%75%74%74%6f%6e%3e'));
   //-->
   </script>
          </a>
         </label>
        </span>
        {% include dropship-login.html %} 
        <p><b>Kondisi:</b> {{ page.kondisi }}</p>
        <p><b>Deskripsi:</b> {{ page.description }}</p>
        {% include shareit.html %}
       </div><!--/product-information-->
      </div>
     </div><!--/product-details-->
     
     <div class=""category-tab shop-details-tab""><!--category-tab-->
      <div class=""col-sm-12"">
       <ul class=""nav nav-tabs"">
        <li class=""active""><a href=""{{ site.url }}{{ page.url }}#keterangan"" data-toggle=""tab"" title=""Keterangan"">Keterangan</a></li>        
       </ul>
      </div>
      <div class=""tab-content"">
       <div class=""tab-pane fade active in"" id=""keterangan"" >
        <div class=""col-sm-12"">
         <h2>{{ page.product }}</h2>         
         <ol class=""breadcrumb"">
            <li class=""active"">Tag :</li>
            <li><a href=""{{ site.url }}/{{ page.jenis }}"" title=""{{ page.jenis }}"">{{ page.jenis }}</a></li>
            <li><a href=""{{ site.url }}/{{ page.brand }}"" title=""{{ page.brand }}"">{{ page.brand }}</a></li>  
         </ol>         
         <p>Sepatu Casual Bayi Laki-Laki - CAP 002 adalah salah satu produk merek Catenzo Junior. Produk fashion handmade asal Bandung yang nyaman digunakan dan tidak pasaran. Cocok untuk anak Anda agar terlihat lebih gaya, tampil berbeda dan percaya diri. <br/>Kode : CAP 002<br/>Warna : HITAM<br/>Bahan : SINTETIS<br/>Ukuran : 22 ~ 26<br/>Berat : 400 gram<br/>Info Lainnya = SOL : TPR<br/>Yuk dibeli kak sebelum kehabisan. Sebelum membeli, harap cek/konfirmasi stok dulu ya kak, karena perputaran barang sangat cepat.<br>
         </p>

         <p><b>Gambar lain :</b></p>
                    <div class=""add-image"">
                      <a href=""{{ page.image1 }}"" target=""_blank"" title=""{{ page.product }}""><img src=""{{ page.image1 }}"" onerror=""this.src='{{ site.url }}/img/not-found.png'"" alt="""" title=""Klik untuk memperbesar"" /></a>
                      <a href=""{{ page.image2 }}"" target=""_blank"" title=""{{ page.product }}""><img src=""{{ page.image2 }}"" onerror=""this.src='{{ site.url }}/img/not-found.png'"" alt="""" title=""Klik untuk memperbesar"" /></a>
                      <a href=""{{ page.image3 }}"" target=""_blank"" title=""{{ page.product }}""><img src=""{{ page.image3 }}"" onerror=""this.src='{{ site.url }}/img/not-found.png'"" alt="""" title=""Klik untuk memperbesar"" /></a>
                      <a href=""{{ page.image4 }}"" target=""_blank"" title=""{{ page.product }}""><img src=""{{ page.image4 }}"" onerror=""this.src='{{ site.url }}/img/not-found.png'"" alt="""" title=""Klik untuk memperbesar"" /></a>
                      <a href=""{{ page.image5 }}"" target=""_blank"" title=""{{ page.product }}""><img src=""{{ page.image5 }}"" onerror=""this.src='{{ site.url }}/img/not-found.png'"" alt="""" title=""Klik untuk memperbesar"" /></a>                                            
                    </div>
                    <br/>

         <p style=""background-color: #5cb85c; color: #ffffff; padding: 5px; text-align: justify; display: inline-block; box-shadow: 0 1px 3px rgba(0,0,0,0.12), 0 1px 2px rgba(0,0,0,0.24);"">
         Gudang : WRH-1<br>
         Lokasi : Bandung</p>

         {% include disqus.html %}
         
        </div>
       </div>       
       
      </div>
     </div><!--/category-tab-->",2019-01-18,html,sepatu-anak-balita-laki-laki,catenzo-junior,sepatu-anak-balita-laki-laki,catenzo-junior,"Sepatu Anak Balita Laki-Laki Bahan SINTETIS, Warna HITAM, Size 22 ~ 26",https://images.lipatan.com/katalog-catenzo-junior-2019/foto-produk-satuan/cap-002.jpg,https://images.lipatan.com/foto-berbagai-sudut/catenzo-junior/cap-002-a.jpg,https://images.lipatan.com/foto-berbagai-sudut/catenzo-junior/cap-002-b.jpg,https://images.lipatan.com/foto-berbagai-sudut/catenzo-junior/cap-002-c.jpg,https://images.lipatan.com/foto-berbagai-sudut/catenzo-junior/cap-002-d.jpg,https://images.lipatan.com/foto-berbagai-sudut/catenzo-junior/cap-002-e.jpg,Sepatu Casual Bayi Laki-Laki - CAP 002,Rp 126.900,Rp 102.900,Rp 113.900,CAP 002,Baru
Jual Sepatu Casual Bayi Laki-Laki - CTH 002 Murah,cth-002,"
     <div class=""product-details""><!--product-details-->
      <div class=""col-sm-5"">
       <div class=""view-product"">
        <img src=""{{ page.image }}"" alt=""{{ page.product }}"" title=""{{ page.product }}"" />
        <h3><a style=""text-decoration: none; color: #ffffff"" href=""{{ page.image }}"" target=""_blank"" title=""Klik disini untuk memperbesar"">ZOOM</a></h3>
       </div>
      </div>

      <div class=""col-sm-7"">
       <div class=""product-information""><!--/product-information-->
        <h1>{{ page.product }}</h1>
        <p>SKU: {{ page.sku }}</p>
        <img src=""{{ site.url }}/img/rating.png"" alt=""rating"" title=""rating"" /><br>
        <span>
         <span>{{ page.price }}</span>        
         <label>Beli:<a href=""{{ site.url }}/beli"" target=""_blank"" title=""Beli Sekarang"">
           <script type=""text/javascript"">
   <!--
   document.write(unescape('%3c%62%75%74%74%6f%6e%20%74%79%70%65%3d%22%62%75%74%74%6f%6e%22%20%63%6c%61%73%73%3d%22%62%74%6e%20%62%74%6e%2d%66%65%66%61%75%6c%74%20%63%61%72%74%22%3e%0d%0a%09%3c%69%20%63%6c%61%73%73%3d%22%66%61%20%66%61%2d%73%68%6f%70%70%69%6e%67%2d%63%61%72%74%22%3e%3c%2f%69%3e%0d%0a%09%42%65%6c%69%20%53%65%6b%61%72%61%6e%67%0d%0a%3c%2f%62%75%74%74%6f%6e%3e'));
   //-->
   </script>
          </a>
         </label>
        </span>
        {% include dropship-login.html %} 
        <p><b>Kondisi:</b> {{ page.kondisi }}</p>
        <p><b>Deskripsi:</b> {{ page.description }}</p>
        {% include shareit.html %}
       </div><!--/product-information-->
      </div>
     </div><!--/product-details-->
     
     <div class=""category-tab shop-details-tab""><!--category-tab-->
      <div class=""col-sm-12"">
       <ul class=""nav nav-tabs"">
        <li class=""active""><a href=""{{ site.url }}{{ page.url }}#keterangan"" data-toggle=""tab"" title=""Keterangan"">Keterangan</a></li>        
       </ul>
      </div>
      <div class=""tab-content"">
       <div class=""tab-pane fade active in"" id=""keterangan"" >
        <div class=""col-sm-12"">
         <h2>{{ page.product }}</h2>         
         <ol class=""breadcrumb"">
            <li class=""active"">Tag :</li>
            <li><a href=""{{ site.url }}/{{ page.jenis }}"" title=""{{ page.jenis }}"">{{ page.jenis }}</a></li>
            <li><a href=""{{ site.url }}/{{ page.brand }}"" title=""{{ page.brand }}"">{{ page.brand }}</a></li>  
         </ol>         
         <p>Sepatu Casual Bayi Laki-Laki - CTH 002 adalah salah satu produk merek Catenzo Junior. Produk fashion handmade asal Bandung yang nyaman digunakan dan tidak pasaran. Cocok untuk anak Anda agar terlihat lebih gaya, tampil berbeda dan percaya diri. <br/>Kode : CTH 002<br/>Warna : BIRU NAVY<br/>Bahan : SINTETIS<br/>Ukuran : 22 ~ 26<br/>Berat : 400 gram<br/>Info Lainnya = SOL : TPR<br/>Yuk dibeli kak sebelum kehabisan. Sebelum membeli, harap cek/konfirmasi stok dulu ya kak, karena perputaran barang sangat cepat.<br>
         </p>

         <p><b>Gambar lain :</b></p>
                    <div class=""add-image"">
                      <a href=""{{ page.image1 }}"" target=""_blank"" title=""{{ page.product }}""><img src=""{{ page.image1 }}"" onerror=""this.src='{{ site.url }}/img/not-found.png'"" alt="""" title=""Klik untuk memperbesar"" /></a>
                      <a href=""{{ page.image2 }}"" target=""_blank"" title=""{{ page.product }}""><img src=""{{ page.image2 }}"" onerror=""this.src='{{ site.url }}/img/not-found.png'"" alt="""" title=""Klik untuk memperbesar"" /></a>
                      <a href=""{{ page.image3 }}"" target=""_blank"" title=""{{ page.product }}""><img src=""{{ page.image3 }}"" onerror=""this.src='{{ site.url }}/img/not-found.png'"" alt="""" title=""Klik untuk memperbesar"" /></a>
                      <a href=""{{ page.image4 }}"" target=""_blank"" title=""{{ page.product }}""><img src=""{{ page.image4 }}"" onerror=""this.src='{{ site.url }}/img/not-found.png'"" alt="""" title=""Klik untuk memperbesar"" /></a>
                      <a href=""{{ page.image5 }}"" target=""_blank"" title=""{{ page.product }}""><img src=""{{ page.image5 }}"" onerror=""this.src='{{ site.url }}/img/not-found.png'"" alt="""" title=""Klik untuk memperbesar"" /></a>                                            
                    </div>
                    <br/>

         <p style=""background-color: #5cb85c; color: #ffffff; padding: 5px; text-align: justify; display: inline-block; box-shadow: 0 1px 3px rgba(0,0,0,0.12), 0 1px 2px rgba(0,0,0,0.24);"">
         Gudang : WRH-1<br>
         Lokasi : Bandung</p>

         {% include disqus.html %}
         
        </div>
       </div>       
       
      </div>
     </div><!--/category-tab-->",2019-01-18,html,sepatu-anak-balita-laki-laki,catenzo-junior,sepatu-anak-balita-laki-laki,catenzo-junior,"Sepatu Anak Balita Laki-Laki Bahan SINTETIS, Warna BIRU NAVY, Size 22 ~ 26",https://images.lipatan.com/katalog-catenzo-junior-2019/foto-produk-satuan/cth-002.jpg,https://images.lipatan.com/foto-berbagai-sudut/catenzo-junior/cth-002-a.jpg,https://images.lipatan.com/foto-berbagai-sudut/catenzo-junior/cth-002-b.jpg,https://images.lipatan.com/foto-berbagai-sudut/catenzo-junior/cth-002-c.jpg,https://images.lipatan.com/foto-berbagai-sudut/catenzo-junior/cth-002-d.jpg,https://images.lipatan.com/foto-berbagai-sudut/catenzo-junior/cth-002-e.jpg,Sepatu Casual Bayi Laki-Laki - CTH 002,Rp 146.900,Rp 119.900,Rp 131.900,CTH 002,Baru
Jual Sepatu Casual Bayi Laki-Laki - CHY 040 Murah,chy-040,"
     <div class=""product-details""><!--product-details-->
      <div class=""col-sm-5"">
       <div class=""view-product"">
        <img src=""{{ page.image }}"" alt=""{{ page.product }}"" title=""{{ page.product }}"" />
        <h3><a style=""text-decoration: none; color: #ffffff"" href=""{{ page.image }}"" target=""_blank"" title=""Klik disini untuk memperbesar"">ZOOM</a></h3>
       </div>
      </div>

      <div class=""col-sm-7"">
       <div class=""product-information""><!--/product-information-->
        <h1>{{ page.product }}</h1>
        <p>SKU: {{ page.sku }}</p>
        <img src=""{{ site.url }}/img/rating.png"" alt=""rating"" title=""rating"" /><br>
        <span>
         <span>{{ page.price }}</span>        
         <label>Beli:<a href=""{{ site.url }}/beli"" target=""_blank"" title=""Beli Sekarang"">
           <script type=""text/javascript"">
   <!--
   document.write(unescape('%3c%62%75%74%74%6f%6e%20%74%79%70%65%3d%22%62%75%74%74%6f%6e%22%20%63%6c%61%73%73%3d%22%62%74%6e%20%62%74%6e%2d%66%65%66%61%75%6c%74%20%63%61%72%74%22%3e%0d%0a%09%3c%69%20%63%6c%61%73%73%3d%22%66%61%20%66%61%2d%73%68%6f%70%70%69%6e%67%2d%63%61%72%74%22%3e%3c%2f%69%3e%0d%0a%09%42%65%6c%69%20%53%65%6b%61%72%61%6e%67%0d%0a%3c%2f%62%75%74%74%6f%6e%3e'));
   //-->
   </script>
          </a>
         </label>
        </span>
        {% include dropship-login.html %} 
        <p><b>Kondisi:</b> {{ page.kondisi }}</p>
        <p><b>Deskripsi:</b> {{ page.description }}</p>
        {% include shareit.html %}
       </div><!--/product-information-->
      </div>
     </div><!--/product-details-->
     
     <div class=""category-tab shop-details-tab""><!--category-tab-->
      <div class=""col-sm-12"">
       <ul class=""nav nav-tabs"">
        <li class=""active""><a href=""{{ site.url }}{{ page.url }}#keterangan"" data-toggle=""tab"" title=""Keterangan"">Keterangan</a></li>        
       </ul>
      </div>
      <div class=""tab-content"">
       <div class=""tab-pane fade active in"" id=""keterangan"" >
        <div class=""col-sm-12"">
         <h2>{{ page.product }}</h2>         
         <ol class=""breadcrumb"">
            <li class=""active"">Tag :</li>
            <li><a href=""{{ site.url }}/{{ page.jenis }}"" title=""{{ page.jenis }}"">{{ page.jenis }}</a></li>
            <li><a href=""{{ site.url }}/{{ page.brand }}"" title=""{{ page.brand }}"">{{ page.brand }}</a></li>  
         </ol>         
         <p>Sepatu Casual Bayi Laki-Laki - CHY 040 adalah salah satu produk merek Catenzo Junior. Produk fashion handmade asal Bandung yang nyaman digunakan dan tidak pasaran. Cocok untuk anak Anda agar terlihat lebih gaya, tampil berbeda dan percaya diri. <br/>Kode : CHY 040<br/>Warna : MERAH KOMBINASI<br/>Bahan : CANVAS<br/>Ukuran : 21 ~ 26<br/>Berat : 325 gram<br/>Info Lainnya = SOL : RUBBER<br/>Yuk dibeli kak sebelum kehabisan. Sebelum membeli, harap cek/konfirmasi stok dulu ya kak, karena perputaran barang sangat cepat.<br>
         </p>

         <p><b>Gambar lain :</b></p>
                    <div class=""add-image"">
                      <a href=""{{ page.image1 }}"" target=""_blank"" title=""{{ page.product }}""><img src=""{{ page.image1 }}"" onerror=""this.src='{{ site.url }}/img/not-found.png'"" alt="""" title=""Klik untuk memperbesar"" /></a>
                      <a href=""{{ page.image2 }}"" target=""_blank"" title=""{{ page.product }}""><img src=""{{ page.image2 }}"" onerror=""this.src='{{ site.url }}/img/not-found.png'"" alt="""" title=""Klik untuk memperbesar"" /></a>
                      <a href=""{{ page.image3 }}"" target=""_blank"" title=""{{ page.product }}""><img src=""{{ page.image3 }}"" onerror=""this.src='{{ site.url }}/img/not-found.png'"" alt="""" title=""Klik untuk memperbesar"" /></a>
                      <a href=""{{ page.image4 }}"" target=""_blank"" title=""{{ page.product }}""><img src=""{{ page.image4 }}"" onerror=""this.src='{{ site.url }}/img/not-found.png'"" alt="""" title=""Klik untuk memperbesar"" /></a>
                      <a href=""{{ page.image5 }}"" target=""_blank"" title=""{{ page.product }}""><img src=""{{ page.image5 }}"" onerror=""this.src='{{ site.url }}/img/not-found.png'"" alt="""" title=""Klik untuk memperbesar"" /></a>                                            
                    </div>
                    <br/>

         <p style=""background-color: #5cb85c; color: #ffffff; padding: 5px; text-align: justify; display: inline-block; box-shadow: 0 1px 3px rgba(0,0,0,0.12), 0 1px 2px rgba(0,0,0,0.24);"">
         Gudang : WRH-1<br>
         Lokasi : Bandung</p>

         {% include disqus.html %}
         
        </div>
       </div>       
       
      </div>
     </div><!--/category-tab-->",2019-01-18,html,sepatu-anak-balita-laki-laki,catenzo-junior,sepatu-anak-balita-laki-laki,catenzo-junior,"Sepatu Anak Balita Laki-Laki Bahan CANVAS, Warna MERAH KOMBINASI, Size 21 ~ 26",https://images.lipatan.com/katalog-catenzo-junior-2019/foto-produk-satuan/chy-040.jpg,https://images.lipatan.com/foto-berbagai-sudut/catenzo-junior/chy-040-a.jpg,https://images.lipatan.com/foto-berbagai-sudut/catenzo-junior/chy-040-b.jpg,https://images.lipatan.com/foto-berbagai-sudut/catenzo-junior/chy-040-c.jpg,https://images.lipatan.com/foto-berbagai-sudut/catenzo-junior/chy-040-d.jpg,https://images.lipatan.com/foto-berbagai-sudut/catenzo-junior/chy-040-e.jpg,Sepatu Casual Bayi Laki-Laki - CHY 040,Rp 127.900,Rp 104.900,Rp 114.900,CHY 040,Baru
Jual Sepatu Casual Bayi Laki-Laki - CAM 356 Murah,cam-356,"
     <div class=""product-details""><!--product-details-->
      <div class=""col-sm-5"">
       <div class=""view-product"">
        <img src=""{{ page.image }}"" alt=""{{ page.product }}"" title=""{{ page.product }}"" />
        <h3><a style=""text-decoration: none; color: #ffffff"" href=""{{ page.image }}"" target=""_blank"" title=""Klik disini untuk memperbesar"">ZOOM</a></h3>
       </div>
      </div>

      <div class=""col-sm-7"">
       <div class=""product-information""><!--/product-information-->
        <h1>{{ page.product }}</h1>
        <p>SKU: {{ page.sku }}</p>
        <img src=""{{ site.url }}/img/rating.png"" alt=""rating"" title=""rating"" /><br>
        <span>
         <span>{{ page.price }}</span>        
         <label>Beli:<a href=""{{ site.url }}/beli"" target=""_blank"" title=""Beli Sekarang"">
           <script type=""text/javascript"">
   <!--
   document.write(unescape('%3c%62%75%74%74%6f%6e%20%74%79%70%65%3d%22%62%75%74%74%6f%6e%22%20%63%6c%61%73%73%3d%22%62%74%6e%20%62%74%6e%2d%66%65%66%61%75%6c%74%20%63%61%72%74%22%3e%0d%0a%09%3c%69%20%63%6c%61%73%73%3d%22%66%61%20%66%61%2d%73%68%6f%70%70%69%6e%67%2d%63%61%72%74%22%3e%3c%2f%69%3e%0d%0a%09%42%65%6c%69%20%53%65%6b%61%72%61%6e%67%0d%0a%3c%2f%62%75%74%74%6f%6e%3e'));
   //-->
   </script>
          </a>
         </label>
        </span>
        {% include dropship-login.html %} 
        <p><b>Kondisi:</b> {{ page.kondisi }}</p>
        <p><b>Deskripsi:</b> {{ page.description }}</p>
        {% include shareit.html %}
       </div><!--/product-information-->
      </div>
     </div><!--/product-details-->
     
     <div class=""category-tab shop-details-tab""><!--category-tab-->
      <div class=""col-sm-12"">
       <ul class=""nav nav-tabs"">
        <li class=""active""><a href=""{{ site.url }}{{ page.url }}#keterangan"" data-toggle=""tab"" title=""Keterangan"">Keterangan</a></li>        
       </ul>
      </div>
      <div class=""tab-content"">
       <div class=""tab-pane fade active in"" id=""keterangan"" >
        <div class=""col-sm-12"">
         <h2>{{ page.product }}</h2>         
         <ol class=""breadcrumb"">
            <li class=""active"">Tag :</li>
            <li><a href=""{{ site.url }}/{{ page.jenis }}"" title=""{{ page.jenis }}"">{{ page.jenis }}</a></li>
            <li><a href=""{{ site.url }}/{{ page.brand }}"" title=""{{ page.brand }}"">{{ page.brand }}</a></li>  
         </ol>         
         <p>Sepatu Casual Bayi Laki-Laki - CAM 356 adalah salah satu produk merek Catenzo Junior. Produk fashion handmade asal Bandung yang nyaman digunakan dan tidak pasaran. Cocok untuk anak Anda agar terlihat lebih gaya, tampil berbeda dan percaya diri. <br/>Kode : CAM 356<br/>Warna : ABU KOMBINASI<br/>Bahan : SINTETIS<br/>Ukuran : 21 ~ 26<br/>Berat : 400 gram<br/>Info Lainnya = SOL : TPR<br/>Yuk dibeli kak sebelum kehabisan. Sebelum membeli, harap cek/konfirmasi stok dulu ya kak, karena perputaran barang sangat cepat.<br>
         </p>

         <p><b>Gambar lain :</b></p>
                    <div class=""add-image"">
                      <a href=""{{ page.image1 }}"" target=""_blank"" title=""{{ page.product }}""><img src=""{{ page.image1 }}"" onerror=""this.src='{{ site.url }}/img/not-found.png'"" alt="""" title=""Klik untuk memperbesar"" /></a>
                      <a href=""{{ page.image2 }}"" target=""_blank"" title=""{{ page.product }}""><img src=""{{ page.image2 }}"" onerror=""this.src='{{ site.url }}/img/not-found.png'"" alt="""" title=""Klik untuk memperbesar"" /></a>
                      <a href=""{{ page.image3 }}"" target=""_blank"" title=""{{ page.product }}""><img src=""{{ page.image3 }}"" onerror=""this.src='{{ site.url }}/img/not-found.png'"" alt="""" title=""Klik untuk memperbesar"" /></a>
                      <a href=""{{ page.image4 }}"" target=""_blank"" title=""{{ page.product }}""><img src=""{{ page.image4 }}"" onerror=""this.src='{{ site.url }}/img/not-found.png'"" alt="""" title=""Klik untuk memperbesar"" /></a>
                      <a href=""{{ page.image5 }}"" target=""_blank"" title=""{{ page.product }}""><img src=""{{ page.image5 }}"" onerror=""this.src='{{ site.url }}/img/not-found.png'"" alt="""" title=""Klik untuk memperbesar"" /></a>                                            
                    </div>
                    <br/>

         <p style=""background-color: #5cb85c; color: #ffffff; padding: 5px; text-align: justify; display: inline-block; box-shadow: 0 1px 3px rgba(0,0,0,0.12), 0 1px 2px rgba(0,0,0,0.24);"">
         Gudang : WRH-1<br>
         Lokasi : Bandung</p>

         {% include disqus.html %}
         
        </div>
       </div>       
       
      </div>
     </div><!--/category-tab-->",2019-01-18,html,sepatu-anak-balita-laki-laki,catenzo-junior,sepatu-anak-balita-laki-laki,catenzo-junior,"Sepatu Anak Balita Laki-Laki Bahan SINTETIS, Warna ABU KOMBINASI, Size 21 ~ 26",https://images.lipatan.com/katalog-catenzo-junior-2019/foto-produk-satuan/cam-356.jpg,https://images.lipatan.com/foto-berbagai-sudut/catenzo-junior/cam-356-a.jpg,https://images.lipatan.com/foto-berbagai-sudut/catenzo-junior/cam-356-b.jpg,https://images.lipatan.com/foto-berbagai-sudut/catenzo-junior/cam-356-c.jpg,https://images.lipatan.com/foto-berbagai-sudut/catenzo-junior/cam-356-d.jpg,https://images.lipatan.com/foto-berbagai-sudut/catenzo-junior/cam-356-e.jpg,Sepatu Casual Bayi Laki-Laki - CAM 356,Rp 124.900,Rp 100.900,Rp 111.900,CAM 356,Baru
Jual Sepatu Casual Bayi Laki-Laki - CYT 006 Murah,cyt-006,"
     <div class=""product-details""><!--product-details-->
      <div class=""col-sm-5"">
       <div class=""view-product"">
        <img src=""{{ page.image }}"" alt=""{{ page.product }}"" title=""{{ page.product }}"" />
        <h3><a style=""text-decoration: none; color: #ffffff"" href=""{{ page.image }}"" target=""_blank"" title=""Klik disini untuk memperbesar"">ZOOM</a></h3>
       </div>
      </div>

      <div class=""col-sm-7"">
       <div class=""product-information""><!--/product-information-->
        <h1>{{ page.product }}</h1>
        <p>SKU: {{ page.sku }}</p>
        <img src=""{{ site.url }}/img/rating.png"" alt=""rating"" title=""rating"" /><br>
        <span>
         <span>{{ page.price }}</span>        
         <label>Beli:<a href=""{{ site.url }}/beli"" target=""_blank"" title=""Beli Sekarang"">
           <script type=""text/javascript"">
   <!--
   document.write(unescape('%3c%62%75%74%74%6f%6e%20%74%79%70%65%3d%22%62%75%74%74%6f%6e%22%20%63%6c%61%73%73%3d%22%62%74%6e%20%62%74%6e%2d%66%65%66%61%75%6c%74%20%63%61%72%74%22%3e%0d%0a%09%3c%69%20%63%6c%61%73%73%3d%22%66%61%20%66%61%2d%73%68%6f%70%70%69%6e%67%2d%63%61%72%74%22%3e%3c%2f%69%3e%0d%0a%09%42%65%6c%69%20%53%65%6b%61%72%61%6e%67%0d%0a%3c%2f%62%75%74%74%6f%6e%3e'));
   //-->
   </script>
          </a>
         </label>
        </span>
        {% include dropship-login.html %} 
        <p><b>Kondisi:</b> {{ page.kondisi }}</p>
        <p><b>Deskripsi:</b> {{ page.description }}</p>
        {% include shareit.html %}
       </div><!--/product-information-->
      </div>
     </div><!--/product-details-->
     
     <div class=""category-tab shop-details-tab""><!--category-tab-->
      <div class=""col-sm-12"">
       <ul class=""nav nav-tabs"">
        <li class=""active""><a href=""{{ site.url }}{{ page.url }}#keterangan"" data-toggle=""tab"" title=""Keterangan"">Keterangan</a></li>        
       </ul>
      </div>
      <div class=""tab-content"">
       <div class=""tab-pane fade active in"" id=""keterangan"" >
        <div class=""col-sm-12"">
         <h2>{{ page.product }}</h2>         
         <ol class=""breadcrumb"">
            <li class=""active"">Tag :</li>
            <li><a href=""{{ site.url }}/{{ page.jenis }}"" title=""{{ page.jenis }}"">{{ page.jenis }}</a></li>
            <li><a href=""{{ site.url }}/{{ page.brand }}"" title=""{{ page.brand }}"">{{ page.brand }}</a></li>  
         </ol>         
         <p>Sepatu Casual Bayi Laki-Laki - CYT 006 adalah salah satu produk merek Catenzo Junior. Produk fashion handmade asal Bandung yang nyaman digunakan dan tidak pasaran. Cocok untuk anak Anda agar terlihat lebih gaya, tampil berbeda dan percaya diri. <br/>Kode : CYT 006<br/>Warna : MERAH<br/>Bahan : SINTETIS<br/>Ukuran : 21 ~ 26<br/>Berat : 400 gram<br/>Info Lainnya = SOL : RUBBER<br/>Yuk dibeli kak sebelum kehabisan. Sebelum membeli, harap cek/konfirmasi stok dulu ya kak, karena perputaran barang sangat cepat.<br>
         </p>

         <p><b>Gambar lain :</b></p>
                    <div class=""add-image"">
                      <a href=""{{ page.image1 }}"" target=""_blank"" title=""{{ page.product }}""><img src=""{{ page.image1 }}"" onerror=""this.src='{{ site.url }}/img/not-found.png'"" alt="""" title=""Klik untuk memperbesar"" /></a>
                      <a href=""{{ page.image2 }}"" target=""_blank"" title=""{{ page.product }}""><img src=""{{ page.image2 }}"" onerror=""this.src='{{ site.url }}/img/not-found.png'"" alt="""" title=""Klik untuk memperbesar"" /></a>
                      <a href=""{{ page.image3 }}"" target=""_blank"" title=""{{ page.product }}""><img src=""{{ page.image3 }}"" onerror=""this.src='{{ site.url }}/img/not-found.png'"" alt="""" title=""Klik untuk memperbesar"" /></a>
                      <a href=""{{ page.image4 }}"" target=""_blank"" title=""{{ page.product }}""><img src=""{{ page.image4 }}"" onerror=""this.src='{{ site.url }}/img/not-found.png'"" alt="""" title=""Klik untuk memperbesar"" /></a>
                      <a href=""{{ page.image5 }}"" target=""_blank"" title=""{{ page.product }}""><img src=""{{ page.image5 }}"" onerror=""this.src='{{ site.url }}/img/not-found.png'"" alt="""" title=""Klik untuk memperbesar"" /></a>                                            
                    </div>
                    <br/>

         <p style=""background-color: #5cb85c; color: #ffffff; padding: 5px; text-align: justify; display: inline-block; box-shadow: 0 1px 3px rgba(0,0,0,0.12), 0 1px 2px rgba(0,0,0,0.24);"">
         Gudang : WRH-1<br>
         Lokasi : Bandung</p>

         {% include disqus.html %}
         
        </div>
       </div>       
       
      </div>
     </div><!--/category-tab-->",2019-01-18,html,sepatu-anak-balita-laki-laki,catenzo-junior,sepatu-anak-balita-laki-laki,catenzo-junior,"Sepatu Anak Balita Laki-Laki Bahan SINTETIS, Warna MERAH, Size 21 ~ 26",https://images.lipatan.com/katalog-catenzo-junior-2019/foto-produk-satuan/cyt-006.jpg,https://images.lipatan.com/foto-berbagai-sudut/catenzo-junior/cyt-006-a.jpg,https://images.lipatan.com/foto-berbagai-sudut/catenzo-junior/cyt-006-b.jpg,https://images.lipatan.com/foto-berbagai-sudut/catenzo-junior/cyt-006-c.jpg,https://images.lipatan.com/foto-berbagai-sudut/catenzo-junior/cyt-006-d.jpg,https://images.lipatan.com/foto-berbagai-sudut/catenzo-junior/cyt-006-e.jpg,Sepatu Casual Bayi Laki-Laki - CYT 006,Rp 127.900,Rp 104.900,Rp 114.900,CYT 006,Baru
Jual Sepatu Casual Bayi Laki-Laki - CTG 006 Murah,ctg-006,"
     <div class=""product-details""><!--product-details-->
      <div class=""col-sm-5"">
       <div class=""view-product"">
        <img src=""{{ page.image }}"" alt=""{{ page.product }}"" title=""{{ page.product }}"" />
        <h3><a style=""text-decoration: none; color: #ffffff"" href=""{{ page.image }}"" target=""_blank"" title=""Klik disini untuk memperbesar"">ZOOM</a></h3>
       </div>
      </div>

      <div class=""col-sm-7"">
       <div class=""product-information""><!--/product-information-->
        <h1>{{ page.product }}</h1>
        <p>SKU: {{ page.sku }}</p>
        <img src=""{{ site.url }}/img/rating.png"" alt=""rating"" title=""rating"" /><br>
        <span>
         <span>{{ page.price }}</span>        
         <label>Beli:<a href=""{{ site.url }}/beli"" target=""_blank"" title=""Beli Sekarang"">
           <script type=""text/javascript"">
   <!--
   document.write(unescape('%3c%62%75%74%74%6f%6e%20%74%79%70%65%3d%22%62%75%74%74%6f%6e%22%20%63%6c%61%73%73%3d%22%62%74%6e%20%62%74%6e%2d%66%65%66%61%75%6c%74%20%63%61%72%74%22%3e%0d%0a%09%3c%69%20%63%6c%61%73%73%3d%22%66%61%20%66%61%2d%73%68%6f%70%70%69%6e%67%2d%63%61%72%74%22%3e%3c%2f%69%3e%0d%0a%09%42%65%6c%69%20%53%65%6b%61%72%61%6e%67%0d%0a%3c%2f%62%75%74%74%6f%6e%3e'));
   //-->
   </script>
          </a>
         </label>
        </span>
        {% include dropship-login.html %} 
        <p><b>Kondisi:</b> {{ page.kondisi }}</p>
        <p><b>Deskripsi:</b> {{ page.description }}</p>
        {% include shareit.html %}
       </div><!--/product-information-->
      </div>
     </div><!--/product-details-->
     
     <div class=""category-tab shop-details-tab""><!--category-tab-->
      <div class=""col-sm-12"">
       <ul class=""nav nav-tabs"">
        <li class=""active""><a href=""{{ site.url }}{{ page.url }}#keterangan"" data-toggle=""tab"" title=""Keterangan"">Keterangan</a></li>        
       </ul>
      </div>
      <div class=""tab-content"">
       <div class=""tab-pane fade active in"" id=""keterangan"" >
        <div class=""col-sm-12"">
         <h2>{{ page.product }}</h2>         
         <ol class=""breadcrumb"">
            <li class=""active"">Tag :</li>
            <li><a href=""{{ site.url }}/{{ page.jenis }}"" title=""{{ page.jenis }}"">{{ page.jenis }}</a></li>
            <li><a href=""{{ site.url }}/{{ page.brand }}"" title=""{{ page.brand }}"">{{ page.brand }}</a></li>  
         </ol>         
         <p>Sepatu Casual Bayi Laki-Laki - CTG 006 adalah salah satu produk merek Catenzo Junior. Produk fashion handmade asal Bandung yang nyaman digunakan dan tidak pasaran. Cocok untuk anak Anda agar terlihat lebih gaya, tampil berbeda dan percaya diri. <br/>Kode : CTG 006<br/>Warna : MERAH<br/>Bahan : SINTETIS<br/>Ukuran : 22 ~ 26<br/>Berat : 600 gram<br/>Info Lainnya = SOL : TPR<br/>Yuk dibeli kak sebelum kehabisan. Sebelum membeli, harap cek/konfirmasi stok dulu ya kak, karena perputaran barang sangat cepat.<br>
         </p>

         <p><b>Gambar lain :</b></p>
                    <div class=""add-image"">
                      <a href=""{{ page.image1 }}"" target=""_blank"" title=""{{ page.product }}""><img src=""{{ page.image1 }}"" onerror=""this.src='{{ site.url }}/img/not-found.png'"" alt="""" title=""Klik untuk memperbesar"" /></a>
                      <a href=""{{ page.image2 }}"" target=""_blank"" title=""{{ page.product }}""><img src=""{{ page.image2 }}"" onerror=""this.src='{{ site.url }}/img/not-found.png'"" alt="""" title=""Klik untuk memperbesar"" /></a>
                      <a href=""{{ page.image3 }}"" target=""_blank"" title=""{{ page.product }}""><img src=""{{ page.image3 }}"" onerror=""this.src='{{ site.url }}/img/not-found.png'"" alt="""" title=""Klik untuk memperbesar"" /></a>
                      <a href=""{{ page.image4 }}"" target=""_blank"" title=""{{ page.product }}""><img src=""{{ page.image4 }}"" onerror=""this.src='{{ site.url }}/img/not-found.png'"" alt="""" title=""Klik untuk memperbesar"" /></a>
                      <a href=""{{ page.image5 }}"" target=""_blank"" title=""{{ page.product }}""><img src=""{{ page.image5 }}"" onerror=""this.src='{{ site.url }}/img/not-found.png'"" alt="""" title=""Klik untuk memperbesar"" /></a>                                            
                    </div>
                    <br/>

         <p style=""background-color: #5cb85c; color: #ffffff; padding: 5px; text-align: justify; display: inline-block; box-shadow: 0 1px 3px rgba(0,0,0,0.12), 0 1px 2px rgba(0,0,0,0.24);"">
         Gudang : WRH-1<br>
         Lokasi : Bandung</p>

         {% include disqus.html %}
         
        </div>
       </div>       
       
      </div>
     </div><!--/category-tab-->",2019-01-18,html,sepatu-anak-balita-laki-laki,catenzo-junior,sepatu-anak-balita-laki-laki,catenzo-junior,"Sepatu Anak Balita Laki-Laki Bahan SINTETIS, Warna MERAH, Size 22 ~ 26",https://images.lipatan.com/katalog-catenzo-junior-2019/foto-produk-satuan/ctg-006.jpg,https://images.lipatan.com/foto-berbagai-sudut/catenzo-junior/ctg-006-a.jpg,https://images.lipatan.com/foto-berbagai-sudut/catenzo-junior/ctg-006-b.jpg,https://images.lipatan.com/foto-berbagai-sudut/catenzo-junior/ctg-006-c.jpg,https://images.lipatan.com/foto-berbagai-sudut/catenzo-junior/ctg-006-d.jpg,https://images.lipatan.com/foto-berbagai-sudut/catenzo-junior/ctg-006-e.jpg,Sepatu Casual Bayi Laki-Laki - CTG 006,Rp 124.900,Rp 100.900,Rp 111.900,CTG 006,Baru
